Heuristic,Characteristic (sign),,Definition
,Prompt A,Prompt B,
Fundamental Strength,,ni_be (+),Return on equity (net income / book equity)
,cop_at (+),cop_at (+),Cash-based operating profitability ((EBITDA + R&D expense − operating accruals) / assets)
,niq_be (+),,Quarterly return on equity (quarterly net income / lagged book equity)
,ocf_at (+),ocf_at (+),Operating cash-flow profitability (operating cash flow / assets)
Growth/Innovation,rd_me (+),rd_me (+),R&D-to-market ratio (R&D expense / market equity)
,capx_gr3 (+),capx_gr3 (+),Capital-expenditure growth (3 years)
,sale_gr3 (+),sale_gr3 (+),Sales growth (3 years)
Blue-Chip Comfort,me (+),me (+),Market equity
,age (+),age (+),Firm age
,,rvol_21d (−),Return volatility (21 days)
,ivol_capm_252d (−),,CAPM idiosyncratic volatility (252 trading days)
Buy-the-Dip,ret_1_0 (−),ret_1_0 (−),Past 1-month return
,ret_2_0 (−),ret_2_0 (−),Past 2-month return
,ret_3_0 (−),ret_3_0 (−),Past 3-month return
Dividends,div6m_me (+),div6m_me (+),Dividend yield (trailing 6-month)
,div12m_me (+),div12m_me (+),Dividend yield (trailing 12-month)
,,div3m_me (+),Dividend yield (trailing 3-month)
Momentum,ret_6_1 (+),ret_6_1 (+),6-month momentum (return t-6 → t-1)
,ret_12_1 (+),ret_12_1 (+),12-month momentum (return t-12 → t-1)
,prc_highprc_252d (+),prc_highprc_252d (+),Price-to-52-week-high ratio (price / highest price over 252 trading days)
Valuation/Mispricing,be_me (+),be_me (+),Book-to-market ratio (book equity / market equity)
,ebitda_mev (+),ebitda_mev (+),EBITDA-to-enterprise-value ratio (EBITDA / market enterprise value)
,fcf_me (+),fcf_me (+),Free-cash-flow yield (free cash flow / market equity)
