"Delivery, in standard deviations from the average heuristic–country pair",,,,
,Overall,Returns,Upside,Stability
,(1),(2),(3),(4)
Adopted heuristics,+0.146,+0.084,+0.255,+0.117
Alternative heuristics,-0.122,-0.224,-0.172,+0.012
Standard deviation across draws,(0.041),(0.081),(0.080),(0.051)
p(Adopted ≤ alternative heuristics),[0.000]***,[0.000]***,[0.000]***,[0.021]**
Randomly selected heuristics,-0.066,-0.151,-0.086,+0.027
Standard deviation across draws,(0.044),(0.085),(0.086),(0.056)
p(Adopted ≤ randomly selected heuristics),[0.000]***,[0.003]***,[0.000]***,[0.051]*
